"Date","Event","Opponent","Map","Vitality.Score","Opponent.Score","W.L","Differential"
26-09-20,"StarLadder StarSeries Fall 2026","Aurora","Cache",13,7,"W",6
26-09-20,"StarLadder StarSeries Fall 2026","Aurora","Mirage",13,4,"W",9
26-09-20,"StarLadder StarSeries Fall 2026","Aurora","Inferno",11,13,"L",-2
26-09-20,"StarLadder StarSeries Fall 2026","Aurora","Anubis",13,4,"W",9
26-09-20,"StarLadder StarSeries Fall 2026","FURIA","Anubis",13,8,"W",5
26-09-20,"StarLadder StarSeries Fall 2026","FURIA","Cache",13,5,"W",8
26-09-19,"StarLadder StarSeries Fall 2026","Aurora","Nuke",8,13,"L",-5
26-09-19,"StarLadder StarSeries Fall 2026","Aurora","Inferno",13,11,"W",2
26-09-19,"StarLadder StarSeries Fall 2026","Aurora","Anubis",7,13,"L",-6
26-09-18,"StarLadder StarSeries Fall 2026","FURIA","Dust2",13,5,"W",8
26-09-18,"StarLadder StarSeries Fall 2026","FURIA","Mirage",13,8,"W",5
26-09-17,"StarLadder StarSeries Fall 2026","magic","Dust2",13,9,"W",4
26-09-17,"StarLadder StarSeries Fall 2026","magic","Mirage",13,6,"W",7
26-09-05,"BLAST Open Porto 2026","MOUZ","Mirage",7,13,"L",-6
26-09-05,"BLAST Open Porto 2026","MOUZ","Dust2",11,13,"L",-2
26-09-04,"BLAST Open Porto 2026","FURIA","Dust2",13,4,"W",9
26-09-04,"BLAST Open Porto 2026","FURIA","Cache",13,11,"W",2
26-09-04,"BLAST Open Porto 2026","FURIA","Nuke",6,13,"L",-7
26-08-31,"BLAST Open Porto 2026","FUT","Dust2",13,8,"W",5
26-08-31,"BLAST Open Porto 2026","FUT","Anubis",13,7,"W",6
26-08-30,"BLAST Open Porto 2026","Legacy","Dust2",13,8,"W",5
26-08-30,"BLAST Open Porto 2026","Legacy","Mirage",9,13,"L",-4
26-08-30,"BLAST Open Porto 2026","Legacy","Nuke",16,14,"W",2
26-08-29,"BLAST Open Porto 2026","9z","Nuke",13,6,"W",7
26-08-29,"BLAST Open Porto 2026","9z","Dust2",13,2,"W",11
26-08-27,"BLAST Open Porto 2026","Inner Circle","Cache",13,16,"L",-3
26-08-27,"BLAST Open Porto 2026","Inner Circle","Anubis",8,13,"L",-5
26-08-21,"Esports World Cup 2026","Spirit","Mirage",3,13,"L",-10
26-08-21,"Esports World Cup 2026","Spirit","Nuke",16,14,"W",2
26-08-21,"Esports World Cup 2026","Spirit","Anubis",11,13,"L",-2
26-08-20,"Esports World Cup 2026","FaZe","Cache",13,6,"W",7
26-08-20,"Esports World Cup 2026","FaZe","Dust2",13,11,"W",2
26-08-16,"Esports World Cup 2026","Lynn Vision","Inferno",13,5,"W",8
26-08-16,"Esports World Cup 2026","Lynn Vision","Dust2",13,2,"W",11
26-08-14,"Esports World Cup 2026","B8","Dust2",4,13,"L",-9
26-08-14,"Esports World Cup 2026","B8","Inferno",11,13,"L",-2
26-08-14,"Esports World Cup 2026","B8","Mirage",16,12,"W",4
26-08-12,"Esports World Cup 2026","100 Thieves","Nuke",13,4,"W",9
26-07-24,"BLAST Bounty 2026 Season 2","Liquid","Nuke",9,13,"L",-4
26-07-24,"BLAST Bounty 2026 Season 2","Liquid","Anubis",10,13,"L",-3
26-06-19,"IEM Cologne Major 2026","Falcons","Dust2",11,13,"L",-2
26-06-19,"IEM Cologne Major 2026","Falcons","Inferno",13,11,"W",2
26-06-19,"IEM Cologne Major 2026","Falcons","Anubis",11,13,"L",-2
26-06-14,"IEM Cologne Major 2026","BETBOOM","Nuke",13,11,"W",2
26-06-14,"IEM Cologne Major 2026","BETBOOM","Overpass",13,8,"W",5
26-06-13,"IEM Cologne Major 2026","MOUZ","Inferno",13,4,"W",9
26-06-13,"IEM Cologne Major 2026","MOUZ","Dust2",7,13,"L",-6
26-06-13,"IEM Cologne Major 2026","MOUZ","Mirage",13,9,"W",4
26-06-12,"IEM Cologne Major 2026","9z","Dust2",11,13,"L",-2
26-06-12,"IEM Cologne Major 2026","9z","Mirage",9,13,"L",-4
26-06-12,"IEM Cologne Major 2026","9z","Inferno",13,4,"W",9
26-06-11,"IEM Cologne Major 2026","FUT","Nuke",13,8,"W",5
26-06-11,"IEM Cologne Major 2026","FUT","Overpass",13,2,"W",11
26-06-11,"IEM Cologne Major 2026","FUT","Anubis",5,13,"L",-8
26-05-15,"IEM Atlanta 2026","Natus Vincere","Inferno",3,13,"L",-10
26-05-15,"IEM Atlanta 2026","Natus Vincere","Anubis",11,13,"L",-2
26-05-15,"IEM Atlanta 2026","Natus Vincere","Dust2",13,11,"W",2
26-05-13,"IEM Atlanta 2026","B8","Dust2",13,8,"W",5
26-05-13,"IEM Atlanta 2026","B8","Mirage",13,5,"W",8
26-05-13,"IEM Atlanta 2026","FaZe","Dust2",13,5,"W",8
26-05-13,"IEM Atlanta 2026","FaZe","Nuke",16,14,"W",2
26-05-12,"IEM Atlanta 2026","BETBOOM","Nuke",8,13,"L",-5
26-05-12,"IEM Atlanta 2026","BETBOOM","Overpass",13,8,"W",5
26-05-12,"IEM Atlanta 2026","BETBOOM","Anubis",10,13,"L",-3
26-05-11,"IEM Atlanta 2026","BC.Game","Dust2",13,10,"W",3
26-05-11,"IEM Atlanta 2026","BC.Game","Mirage",13,7,"W",6
26-05-03,"BLAST Rivals 2026 Season 1","Natus Vincere","Dust2",13,3,"W",10
26-05-03,"BLAST Rivals 2026 Season 1","Natus Vincere","Anubis",13,11,"W",2
26-05-03,"BLAST Rivals 2026 Season 1","Natus Vincere","Nuke",16,12,"W",4
26-05-02,"BLAST Rivals 2026 Season 1","GamerLegion","Overpass",16,14,"W",2
26-05-02,"BLAST Rivals 2026 Season 1","GamerLegion","Mirage",13,1,"W",12
26-04-30,"BLAST Rivals 2026 Season 1","G2","Dust2",13,3,"W",10
26-04-30,"BLAST Rivals 2026 Season 1","G2","Overpass",11,13,"L",-2
26-04-30,"BLAST Rivals 2026 Season 1","G2","Mirage",16,13,"W",3
26-04-29,"BLAST Rivals 2026 Season 1","FUT","Nuke",13,11,"W",2
26-04-29,"BLAST Rivals 2026 Season 1","FUT","Dust2",11,13,"L",-2
26-04-29,"BLAST Rivals 2026 Season 1","FUT","Mirage",13,6,"W",7
26-04-19,"IEM Rio 2026","Spirit","Dust2",13,5,"W",8
26-04-19,"IEM Rio 2026","Spirit","Nuke",13,10,"W",3
26-04-19,"IEM Rio 2026","Spirit","Mirage",16,13,"W",3
26-04-18,"IEM Rio 2026","FURIA","Ancient",13,10,"W",3
26-04-18,"IEM Rio 2026","FURIA","Overpass",13,10,"W",3
26-04-17,"IEM Rio 2026","Natus Vincere","Dust2",13,6,"W",7
26-04-17,"IEM Rio 2026","Natus Vincere","Mirage",13,4,"W",9
26-04-15,"IEM Rio 2026","Falcons","Nuke",14,16,"L",-2
26-04-15,"IEM Rio 2026","Falcons","Dust2",13,6,"W",7
26-04-15,"IEM Rio 2026","Falcons","Mirage",10,13,"L",-3
26-04-14,"IEM Rio 2026","G2","Dust2",13,11,"W",2
26-04-14,"IEM Rio 2026","G2","Inferno",16,13,"W",3
26-04-14,"IEM Rio 2026","G2","Mirage",5,13,"L",-8
26-04-13,"IEM Rio 2026","RED Canids","Overpass",13,6,"W",7
26-04-13,"IEM Rio 2026","RED Canids","Nuke",13,4,"W",9
26-03-29,"BLAST Open Rotterdam 2026","Natus Vincere","Dust2",13,10,"W",3
26-03-29,"BLAST Open Rotterdam 2026","Natus Vincere","Anubis",13,10,"W",3
26-03-29,"BLAST Open Rotterdam 2026","Natus Vincere","Inferno",13,7,"W",6
26-03-28,"BLAST Open Rotterdam 2026","Aurora","Nuke",13,5,"W",8
26-03-28,"BLAST Open Rotterdam 2026","Aurora","Inferno",13,5,"W",8
26-03-23,"BLAST Open Rotterdam 2026","PARIVISION","Inferno",16,12,"W",4
26-03-23,"BLAST Open Rotterdam 2026","PARIVISION","Mirage",13,9,"W",4
26-03-21,"BLAST Open Rotterdam 2026","The MongolZ","Overpass",16,13,"W",3
26-03-21,"BLAST Open Rotterdam 2026","The MongolZ","Mirage",13,4,"W",9
26-03-19,"BLAST Open Rotterdam 2026","9z","Nuke",13,5,"W",8
26-03-19,"BLAST Open Rotterdam 2026","9z","Overpass",13,3,"W",10
26-02-22,"PGL Cluj-Napoca 2026","PARIVISION","Inferno",16,13,"W",3
26-02-22,"PGL Cluj-Napoca 2026","PARIVISION","Dust2",13,4,"W",9
26-02-22,"PGL Cluj-Napoca 2026","PARIVISION","Overpass",13,10,"W",3
26-02-21,"PGL Cluj-Napoca 2026","The MongolZ","Dust2",13,3,"W",10
26-02-21,"PGL Cluj-Napoca 2026","The MongolZ","Mirage",16,13,"W",3
26-02-20,"PGL Cluj-Napoca 2026","Aurora","Overpass",13,10,"W",3
26-02-20,"PGL Cluj-Napoca 2026","Aurora","Inferno",13,8,"W",5
26-02-16,"PGL Cluj-Napoca 2026","MOUZ","Inferno",13,8,"W",5
26-02-16,"PGL Cluj-Napoca 2026","MOUZ","Dust2",13,5,"W",8
26-02-15,"PGL Cluj-Napoca 2026","The MongolZ","Nuke",13,4,"W",9
26-02-15,"PGL Cluj-Napoca 2026","The MongolZ","Dust2",13,4,"W",9
26-02-15,"PGL Cluj-Napoca 2026","The MongolZ","Mirage",10,13,"L",-3
26-02-14,"PGL Cluj-Napoca 2026","G2","Anubis",13,8,"W",5
26-02-14,"PGL Cluj-Napoca 2026","G2","Inferno",8,13,"L",-5
26-02-14,"PGL Cluj-Napoca 2026","G2","Mirage",13,11,"W",2
26-02-08,"IEM Kraków 2026","FURIA","Overpass",13,10,"W",3
26-02-08,"IEM Kraków 2026","FURIA","Nuke",13,2,"W",11
26-02-08,"IEM Kraków 2026","FURIA","Inferno",13,8,"W",5
26-02-08,"IEM Kraków 2026","FURIA","Mirage",11,13,"L",-2
26-02-07,"IEM Kraków 2026","MOUZ","Dust2",13,6,"W",7
26-02-07,"IEM Kraków 2026","MOUZ","Nuke",13,7,"W",6
26-02-03,"IEM Kraków 2026","Aurora","Overpass",13,7,"W",6
26-02-03,"IEM Kraków 2026","Aurora","Ancient",25,22,"W",3
26-02-02,"IEM Kraków 2026","3DMAX","Dust2",13,6,"W",7
26-02-02,"IEM Kraków 2026","3DMAX","Inferno",13,6,"W",7
26-01-31,"IEM Kraków 2026","BC.Game","Overpass",13,5,"W",8
26-01-31,"IEM Kraków 2026","BC.Game","Dust2",13,8,"W",5
26-01-24,"BLAST Bounty 2026 Season 1 Finals","Falcons","Mirage",6,13,"L",-7
26-01-24,"BLAST Bounty 2026 Season 1 Finals","Falcons","Anubis",13,4,"W",9
26-01-24,"BLAST Bounty 2026 Season 1 Finals","Falcons","Inferno",10,13,"L",-3
26-01-23,"BLAST Bounty 2026 Season 1 Finals","GamerLegion","Dust2",13,11,"W",2
26-01-23,"BLAST Bounty 2026 Season 1 Finals","GamerLegion","Inferno",13,9,"W",4
26-01-18,"BLAST Bounty 2026 Season 1","EYEBALLERS","Overpass",13,8,"W",5
26-01-18,"BLAST Bounty 2026 Season 1","EYEBALLERS","Anubis",19,16,"W",3
26-01-14,"BLAST Bounty 2026 Season 1","Virtus.pro","Dust2",13,6,"W",7
26-01-14,"BLAST Bounty 2026 Season 1","Virtus.pro","Overpass",13,8,"W",5
